datetime,sog,latitude,longitude
2017-12-09 04:37:03,0.5,71.2799383333333,72.0914766666667
2017-12-09 04:37:33,0.30000001192092896,71.2799483333333,72.0913975
2017-12-09 04:38:32,0.0,71.2799708333333,72.0912683333333
2017-12-09 04:40:32,0.100000001490116,71.27997416666665,72.0911533333333
2017-12-09 04:48:25,1.1000000238418601,71.27971416666665,72.09115
2017-12-09 04:49:15,0.8000000119209291,71.27937499999999,72.09147333333334
2017-12-09 05:14:13,3.9000000953674303,71.2819416666667,72.09882
2017-12-09 05:14:32,3.70000004768372,71.28471833333336,72.10622666666666
2017-12-09 06:14:15,9.10000038146973,71.31638833333335,72.2102825
2017-12-09 06:14:43,9.60000038146973,71.348365,72.3155266666667
2017-12-09 06:14:51,9.80000019073486,71.34892500000001,72.31751333333335
2017-12-09 06:16:02,10.6000003814697,71.3501066666667,72.32185833333335
2017-12-09 06:16:33,10.8999996185303,71.35166749999999,72.32763333333335
2017-12-09 06:16:52,10.8999996185303,71.3525083333333,72.33061833333336
2017-12-09 06:17:01,10.8999996185303,71.3530108333333,72.33215666666669
2017-12-09 06:17:43,10.8000001907349,71.3540233333333,72.334585
2017-12-09 06:17:44,10.8000001907349,71.3548633333333,72.3365533333333
2017-12-09 06:17:51,10.8999996185303,71.35504499999999,72.33697749999999
2017-12-09 06:18:02,10.8999996185303,71.3554066666667,72.33783249999999
2017-12-09 06:18:03,10.8999996185303,71.3555866666667,72.3382633333333
2017-12-09 06:18:31,10.8999996185303,71.3561991666667,72.33974083333331
2017-12-09 06:18:33,10.8999996185303,71.3568116666667,72.3412183333333
2017-12-09 06:18:44,10.8999996185303,71.35703083333334,72.34173
2017-12-09 06:18:45,10.8999996185303,71.35725,72.3422416666667
2017-12-09 06:18:53,10.8000001907349,71.35742583333334,72.34267083333336
2017-12-09 06:19:01,10.8999996185303,71.35777916666669,72.34352833333335
2017-12-09 06:19:03,10.8999996185303,71.3579566666667,72.3439566666667
2017-12-09 06:19:32,11.0,71.35857583333335,72.345455
2017-12-09 06:19:44,11.0,71.359415,72.34749666666664
2017-12-09 06:19:54,11.1000003814697,71.35981833333335,72.34847916666665
2017-12-09 06:20:02,11.1000003814697,71.3601816666667,72.34936666666665
2017-12-09 06:20:13,11.1000003814697,71.3605816666667,72.3503675
2017-12-09 06:20:33,11.1000003814697,71.36120583333334,72.35190583333335
2017-12-09 06:20:45,11.0,71.36183416666665,72.35341333333334
2017-12-09 06:20:53,10.8999996185303,71.3622383333333,72.35435999999999
2017-12-09 06:21:12,10.6000003814697,71.3628083333333,72.3557325
2017-12-09 06:23:54,8.39999961853027,71.36601916666666,72.36331833333335
2017-12-09 06:27:03,2.5999999046325697,71.37066666666665,72.3741575
2017-12-09 07:50:53,0.0,71.3727333333333,72.37873583333331
2017-12-09 07:51:12,0.0,71.3729725,72.37911
2017-12-09 07:51:43,0.0,71.37297083333334,72.37910583333337
2017-12-09 07:51:51,0.0,71.37296916666665,72.37910666666667
2017-12-09 07:52:21,0.0,71.372965,72.3791125
2017-12-09 07:52:32,0.0,71.37296083333334,72.37911833333335
2017-12-09 07:52:43,0.0,71.37295833333334,72.37912083333336
2017-12-09 07:52:52,0.0,71.37295499999999,72.3791241666667
2017-12-09 07:53:11,0.0,71.3729525,72.37913
2017-12-09 07:53:22,0.0,71.3729516666667,72.37913416666663
2017-12-09 07:53:53,0.0,71.37295,72.37913416666663
2017-12-09 07:54:04,0.0,71.3729475,72.37913416666663
2017-12-09 07:54:13,0.0,71.37294666666669,72.37913666666664
2017-12-09 07:54:21,0.0,71.37294666666669,72.37914
2017-12-09 07:54:22,0.0,71.37294666666669,72.3791416666667
2017-12-09 07:54:44,0.0,71.37294666666669,72.37914
2017-12-09 07:54:52,0.0,71.37294583333335,72.37913666666664
2017-12-09 07:55:03,0.0,71.37294416666666,72.37913333333333
2017-12-09 07:55:14,0.0,71.3729433333333,72.37913
2017-12-09 07:55:23,0.0,71.3729433333333,72.3791275
2017-12-09 07:55:34,0.0,71.37294166666665,72.37912499999999
2017-12-09 07:56:13,0.0,71.37294166666665,72.37911
2017-12-09 07:56:24,0.0,71.3729433333333,72.3790916666667
2017-12-09 07:56:33,0.0,71.37294166666665,72.3790841666667
2017-12-09 07:56:54,0.0,71.3729375,72.37907833333335
2017-12-09 07:57:14,0.0,71.37293416666665,72.37908
2017-12-09 07:57:23,0.0,71.37293416666665,72.3790925
2017-12-09 07:57:34,0.0,71.37293666666665,72.37910666666664
2017-12-09 07:57:44,0.0,71.37294,72.37911833333331
2017-12-09 09:27:13,0.100000001490116,71.372955,72.37915916666665
2017-12-09 09:27:33,0.100000001490116,71.3729675,72.379195
2017-12-09 09:27:41,0.100000001490116,71.37296583333335,72.37919416666665
2017-12-09 09:29:02,0.100000001490116,71.37297333333336,72.3791758333333
2017-12-09 09:30:34,0.0,71.3729766666667,72.379165
2017-12-09 09:30:43,0.0,71.3729716666667,72.37917333333334
2017-12-09 09:31:02,0.0,71.37297083333334,72.3791775
2017-12-09 09:31:22,0.0,71.37296916666665,72.37917916666666
2017-12-09 09:31:52,0.0,71.37296666666666,72.3791808333333
2017-12-09 09:32:14,0.0,71.37296583333335,72.379185
2017-12-09 09:32:23,0.0,71.3729666666667,72.3791866666667
2017-12-09 09:32:34,0.0,71.3729666666667,72.3791866666667
2017-12-09 09:32:43,0.0,71.3729666666667,72.37918583333334
2017-12-09 09:33:44,0.0,71.37296583333335,72.37917416666664
2017-12-09 09:34:34,0.0,71.37296500000002,72.37916
2017-12-09 09:34:54,0.0,71.37296333333336,72.379155
2017-12-09 09:40:44,0.0,71.37297000000001,72.379155
2017-12-09 11:03:21,11.8000001907349,71.47962749999999,72.49678083333336
2017-12-09 11:04:22,12.3000001907349,71.58782416666669,72.61650333333336
2017-12-09 11:06:53,12.8000001907349,71.59339833333334,72.623955
2017-12-09 11:07:44,12.6000003814697,71.5988025,72.6311358333333
2017-12-09 11:08:13,12.5,71.60095583333336,72.6339758333333
2017-12-09 11:08:45,12.3999996185303,71.60254416666669,72.63613
2017-12-09 11:10:05,12.1000003814697,71.60535833333336,72.640515
2017-12-09 11:13:46,12.3000001907349,71.61281416666665,72.6534433333333
2017-12-09 12:03:05,12.6999998092651,71.69027,72.78383583333331
2017-12-09 12:39:03,11.0,71.81954333333336,72.94224166666666
2017-12-09 12:39:22,11.1999998092651,71.87728,72.97959416666666
2017-12-09 12:39:31,11.1999998092651,71.87799333333334,72.97908166666664
2017-12-09 12:39:51,11.3000001907349,71.8787216666667,72.97856166666665
2017-12-09 12:40:02,11.3999996185303,71.8795075,72.97799083333331
2017-12-09 12:40:21,11.5,71.88031000000001,72.9774225
2017-12-09 12:40:52,11.6000003814697,71.88156583333335,72.976575
2017-12-09 12:41:22,11.8000001907349,71.88314833333334,72.9755958333333
2017-12-09 12:51:24,11.5,71.90027,72.9707275
2017-12-09 13:42:23,13.1000003814697,71.9901683333333,72.99452583333334
2017-12-09 14:15:33,8.0,72.100765,73.06684333333335
2017-12-09 14:15:42,8.10000038146973,72.1379325,73.11120333333335
2017-12-09 14:15:52,8.199999809265138,72.13825750000001,73.11164583333334
2017-12-09 14:16:02,8.300000190734862,72.1385825,73.1121275
2017-12-09 14:16:51,8.5,72.1395675,73.11407750000001
2017-12-09 14:17:02,8.60000038146973,72.1405375,73.11615499999999
2017-12-09 14:17:52,7.900000095367429,72.1414433333333,73.11842999999999
2017-12-09 14:18:03,7.699999809265139,72.1423375,73.1207416666667
2017-12-09 14:18:53,7.400000095367429,72.14312083333334,73.12299250000001
2017-12-09 14:19:52,6.800000190734861,72.14446166666664,73.1269075
2017-12-09 14:20:53,6.900000095367429,72.145835,73.13111583333335
2017-12-09 14:21:04,7.099999904632571,72.1466375,73.13362833333336
2017-12-09 14:21:44,7.599999904632571,72.1472458333333,73.13557750000001
2017-12-09 14:22:12,8.10000038146973,72.14812166666664,73.1382733333333
2017-12-09 14:22:14,8.10000038146973,72.14851999999998,73.1394183333333
2017-12-09 14:23:04,9.19999980926514,72.14931833333334,73.1416083333333
2017-12-09 14:23:05,9.19999980926514,72.1501166666667,73.14379833333331
2017-12-09 14:24:44,11.1000003814697,72.1519425,73.14852416666665
2017-12-09 14:25:04,11.3000001907349,72.1541958333333,73.15435333333335
2017-12-09 14:26:05,11.3999996185303,72.15586583333331,73.1586666666667
2017-12-09 14:26:44,10.6999998092651,72.15786166666665,73.16398833333335
2017-12-09 14:28:22,8.89999961853027,72.16035916666665,73.17075916666664
2017-12-09 14:56:42,10.6999998092651,72.19306416666666,73.2540783333333
2017-12-09 14:56:54,10.8000001907349,72.22426666666665,73.33330416666664
2017-12-09 14:57:02,10.8999996185303,72.2246883333333,73.33430416666664
2017-12-09 14:57:13,10.8999996185303,72.2250658333333,73.33524166666663
2017-12-09 14:57:24,10.8999996185303,72.22546249999999,73.33624416666663
2017-12-09 14:57:33,10.8000001907349,72.22585666666669,73.33725333333331
2017-12-09 14:57:43,10.6999998092651,72.22622666666669,73.3382108333333
2017-12-09 14:57:54,10.8000001907349,72.22663333333335,73.33926
2017-12-09 14:58:03,10.8000001907349,72.2270375,73.34031833333334
2017-12-09 14:58:12,10.6999998092651,72.22740333333334,73.34127583333336
2017-12-09 14:58:34,10.6999998092651,72.2279841666667,73.34275500000001
2017-12-09 14:58:42,10.6000003814697,72.2285416666667,73.34418416666665
2017-12-09 14:58:53,10.6000003814697,72.22894,73.34522916666666
2017-12-09 14:59:02,10.5,72.2293383333333,73.34626916666664
2017-12-09 14:59:13,10.5,72.2296975,73.34720083333335
2017-12-09 14:59:24,10.5,72.23007583333336,73.3481775
2017-12-09 14:59:33,10.3999996185303,72.23045333333334,73.349155
2017-12-09 15:00:03,10.1999998092651,72.23119750000001,73.35109333333334
2017-12-09 15:17:43,10.1000003814697,72.25154666666666,73.40324333333334
2017-12-09 15:19:54,10.0,72.27366333333336,73.4601591666667
2017-12-09 15:20:24,10.1000003814697,72.27654583333336,73.46783583333334
2017-12-09 15:20:53,10.1000003814697,72.27763,73.47066499999997
2017-12-09 15:24:13,10.0,72.2818075,73.4814375
2017-12-09 15:50:11,10.3000001907349,72.31487083333334,73.56705583333334
2017-12-09 15:51:02,9.89999961853027,72.34521916666671,73.64571416666669
2017-12-09 15:51:32,9.80000019073486,72.3466641666667,73.649535
2017-12-09 15:51:52,9.69999980926514,72.34750249999999,73.65178833333331
2017-12-09 15:52:03,9.69999980926514,72.3480408333333,73.65321416666666
2017-12-09 15:54:04,10.0,72.35037666666666,73.65930916666665
2017-12-09 15:54:44,9.89999961853027,72.353195,73.6666858333333
2017-12-09 15:55:13,9.69999980926514,72.35440916666664,73.6698983333333
2017-12-09 15:55:43,9.69999980926514,72.35545416666665,73.6726633333333
2017-12-09 15:55:54,9.69999980926514,72.35616999999999,73.67454083333331
2017-12-09 15:56:22,9.69999980926514,72.35688666666664,73.6764125
2017-12-09 15:56:25,9.69999980926514,72.3574083333333,73.67779166666669
2017-12-09 15:57:24,9.80000019073486,72.3584608333333,73.6805775
2017-12-09 15:59:24,10.1999998092651,72.36169749999999,73.68899666666665
2017-12-09 15:59:26,10.1999998092651,72.3638816666667,73.69463
2017-12-09 16:03:42,10.3999996185303,72.36870583333335,73.70714916666665
2017-12-09 16:04:04,10.3999996185303,72.37390083333335,73.7206525
2017-12-09 16:04:43,10.6000003814697,72.3750225,73.72358833333337
2017-12-09 16:05:03,10.6000003814697,72.3761575,73.72651416666666
2017-12-09 16:05:44,10.6000003814697,72.3773066666667,73.72948833333331
2017-12-09 16:06:04,10.6999998092651,72.37845999999999,73.7324833333333
2017-12-09 16:06:43,10.8000001907349,72.3796225,73.7355
2017-12-09 16:07:03,10.8000001907349,72.3807841666667,73.73854083333335
2017-12-09 16:07:44,10.8000001907349,72.38195083333336,73.74158583333335
2017-12-09 16:08:04,10.8000001907349,72.38311666666667,73.7446366666667
2017-12-09 16:08:43,10.8000001907349,72.3842833333333,73.74769833333335
2017-12-09 16:09:04,10.8000001907349,72.3854525,73.75076
2017-12-09 16:09:43,10.8000001907349,72.38660833333336,73.75375833333335
2017-12-09 16:10:03,10.8999996185303,72.38778666666666,73.7568016666667
2017-12-09 16:32:23,10.5,72.41313916666665,73.8232016666667
2017-12-09 16:32:42,10.5,72.43844166666665,73.88947083333335
2017-12-09 16:32:55,10.5,72.4390383333333,73.89099833333336
2017-12-09 16:33:12,10.5,72.43963916666665,73.8925166666667
2017-12-09 16:33:23,10.6000003814697,72.44019666666665,73.89394333333335
2017-12-09 16:33:42,10.6000003814697,72.4407475,73.89539916666665
2017-12-09 16:33:54,10.5,72.44133833333335,73.89695166666664
2017-12-09 16:34:03,10.6000003814697,72.44174833333335,73.89799250000002
2017-12-09 16:34:13,10.6000003814697,72.44212083333336,73.89894333333336
2017-12-09 16:34:43,10.6000003814697,72.44287166666666,73.9008841666667
2017-12-09 16:34:55,10.6000003814697,72.44365166666665,73.90293750000001
2017-12-09 16:35:04,10.6000003814697,72.44404416666666,73.9040108333333
2017-12-09 16:35:14,10.6000003814697,72.44440166666665,73.90498333333329
2017-12-09 16:35:23,10.6000003814697,72.4447775,73.9060158333333
2017-12-09 16:35:34,10.5,72.44517166666665,73.9070958333333
2017-12-09 16:35:42,10.5,72.4455275,73.9080675
2017-12-09 16:35:54,10.5,72.44589833333335,73.90908833333336
2017-12-09 16:36:04,10.5,72.44628499999999,73.91015999999999
2017-12-09 16:36:13,10.5,72.44663083333336,73.91113166666665
2017-12-09 16:36:24,10.3999996185303,72.44699333333335,73.9121533333333
2017-12-09 16:36:43,10.3000001907349,72.44752416666665,73.91361416666665
2017-12-09 16:36:55,10.3000001907349,72.4480925,73.915165
2017-12-09 16:37:03,10.3000001907349,72.4484566666667,73.9161675
2017-12-09 16:37:14,10.3000001907349,72.44879833333334,73.91712583333334
2017-12-09 16:37:23,10.1999998092651,72.44917666666666,73.91817833333334
2017-12-09 16:37:34,10.1999998092651,72.44956166666665,73.91920999999999
2017-12-09 16:37:42,10.1999998092651,72.44991166666665,73.92013833333334
2017-12-09 16:37:54,10.1999998092651,72.45027416666665,73.9211316666667
2017-12-09 16:38:02,10.1999998092651,72.45063333333334,73.922135
2017-12-09 16:38:13,10.1999998092651,72.4509741666667,73.92309916666665
2017-12-09 16:38:24,10.1999998092651,72.4513516666667,73.92415583333334
2017-12-09 16:56:44,9.89999961853027,72.47171583333335,73.977975
2017-12-09 16:57:53,9.89999961853027,72.49311333333335,74.03457916666665
2017-12-09 16:58:34,9.80000019073486,72.495025,74.03976333333335
2017-12-09 17:39:14,10.5,72.5435883333333,74.0816775
2017-12-09 17:39:25,10.5,72.591625,74.1211158333333
2017-12-09 17:39:35,10.5,72.59196333333335,74.11995999999999
2017-12-09 17:39:44,10.5,72.59229000000002,74.1187725
2017-12-09 17:39:53,10.5,72.59258916666664,74.1176125
2017-12-09 17:40:03,10.5,72.5928825,74.1164375
2017-12-09 17:40:25,10.5,72.59335833333336,74.11451
2017-12-09 17:40:34,10.3999996185303,72.59380916666666,74.11262083333335
2017-12-09 17:40:45,10.3999996185303,72.59408916666665,74.11131666666665
2017-12-09 17:41:24,10.5,72.59475583333335,74.1078958333333
2017-12-09 17:41:33,10.5,72.5953816666667,74.10457666666665
2017-12-09 17:41:44,10.3999996185303,72.59562583333334,74.10319166666665
2017-12-09 17:42:03,10.5,72.5959875,74.10109416666666
2017-12-09 17:42:25,10.6000003814697,72.59646000000001,74.09826000000001
2017-12-09 17:42:34,10.6000003814697,72.59680833333334,74.09611000000001
2017-12-09 17:43:15,10.8000001907349,72.5974,74.09247833333336
2017-12-09 18:08:24,12.8000001907349,72.61868416666665,73.96453
2017-12-09 18:08:35,12.8999996185303,72.63963416666665,73.838595
2017-12-09 18:08:43,12.8999996185303,72.6399158333333,73.8368341666667
2017-12-09 18:09:23,13.0,72.6406275,73.8325566666667
2017-12-09 18:09:34,13.0,72.641375,73.8281116666667
2017-12-09 18:09:44,13.1000003814697,72.6416733333333,73.826365
2017-12-09 18:09:53,13.1000003814697,72.64196,73.8247025
2017-12-09 18:10:13,13.1000003814697,72.64241,73.82206583333335
2017-12-09 18:10:35,13.1999998092651,72.64301916666665,73.81844333333335
2017-12-09 18:10:54,13.1999998092651,72.64361666666665,73.8149391666667
2017-12-09 18:11:03,13.1999998092651,72.64405500000001,73.8124075
2017-12-09 18:11:14,13.1999998092651,72.64436,73.8106325
2017-12-09 18:11:34,13.1999998092651,72.6448383333333,73.80790916666669
2017-12-09 18:11:45,13.1999998092651,72.64531666666664,73.80519583333333
2017-12-09 18:11:53,13.1999998092651,72.64560499999999,73.80352666666664
2017-12-09 18:13:53,13.0,72.64754833333336,73.79225833333331
2017-12-09 18:14:54,12.8000001907349,72.6500341666667,73.77616916666665
2017-12-09 18:15:04,12.8000001907349,72.65079083333335,73.76970333333335
2017-12-09 18:16:23,12.8999996185303,72.65168583333335,73.76128333333335
2017-12-09 18:31:44,12.6000003814697,72.6631366666667,73.67209916666664
2017-12-09 18:33:04,12.6000003814697,72.6750275,73.583965
2017-12-09 18:33:24,12.5,72.67661333333331,73.57586416666669
2017-12-09 19:07:44,11.3000001907349,72.70765416666666,73.4187225
2017-12-09 19:07:53,11.1999998092651,72.7385625,73.26274916666665
2017-12-09 19:15:34,11.1999998092651,72.74936083333336,73.2426225
2017-12-09 19:16:02,11.1000003814697,72.76061250000001,73.22169166666666
2017-12-09 19:16:33,11.1000003814697,72.76196250000001,73.21921416666666
2017-12-09 19:17:03,11.1999998092651,72.76331250000001,73.21674250000001
2017-12-09 19:17:34,11.1000003814697,72.76468666666665,73.21420333333336
2017-12-09 19:22:35,11.6999998092651,72.77227500000001,73.20029583333334
2017-12-09 19:25:34,11.3000001907349,72.78335583333335,73.18075999999999
2017-12-09 19:44:32,9.39999961853027,72.81221333333335,73.13509583333335
2017-12-09 19:44:43,9.30000019073486,72.83707416666665,73.0960775
2017-12-09 19:45:04,9.39999961853027,72.837695,73.09521666666666
2017-12-09 19:45:22,9.60000038146973,72.8385041666667,73.09411833333336
2017-12-09 19:45:44,9.69999980926514,72.83932083333335,73.0930166666667
2017-12-09 19:46:03,9.69999980926514,72.84013999999999,73.09189833333335
2017-12-09 19:46:22,9.69999980926514,72.84095833333335,73.09073999999998
2017-12-09 19:51:13,10.8999996185303,72.8477316666667,73.08105666666664
2017-12-09 20:51:23,10.6000003814697,72.93712583333334,72.93903
2017-12-09 20:52:04,11.0,73.02107333333335,72.80455083333335
2017-12-09 20:52:24,11.3000001907349,73.0224316666667,72.80230416666666
2017-12-09 20:53:05,11.3999996185303,73.02385000000001,72.8001133333333
2017-12-09 20:53:24,11.5,73.02529333333331,72.79796583333331
2017-12-09 20:54:04,11.6000003814697,73.0267425,72.79572916666666
2017-12-09 20:55:05,11.6000003814697,73.0291866666667,72.79187499999999
2017-12-09 20:55:24,11.6000003814697,73.03110583333336,72.78884749999999
2017-12-09 20:56:23,11.6000003814697,73.03299666666665,72.78575416666665
2017-12-09 21:20:24,10.6999998092651,73.06807666666666,72.74208416666664
2017-12-09 21:20:33,10.8000001907349,73.1019475,72.7007775
2017-12-09 21:20:44,10.8000001907349,73.10244333333335,72.70080916666666
2017-12-09 21:21:34,11.1000003814697,73.1039441666667,72.70110416666665
2017-12-09 21:21:54,11.1000003814697,73.1057025,72.70153166666665
2017-12-09 21:22:02,11.1000003814697,73.10643583333331,72.70172666666664
2017-12-09 21:47:33,11.1000003814697,73.14653416666665,72.71579666666665
2017-12-09 22:27:14,9.5,73.24243416666665,72.75119166666664
2017-12-09 22:27:35,9.5,73.2988725,72.7727225
2017-12-09 22:29:14,9.69999980926514,73.30151583333335,72.77334083333335
2017-12-09 22:29:35,9.69999980926514,73.30417083333336,72.773635
2017-12-09 22:30:34,10.0,73.3059641666667,72.77294499999999
2017-12-09 22:36:05,10.1000003814697,73.31501416666669,72.7688325
2017-12-09 22:56:33,8.60000038146973,73.3445725,72.7502925
2017-12-09 22:57:34,9.0,73.3676125,72.73440500000001
2017-12-09 22:57:53,9.10000038146973,73.3691841666667,72.73315
2017-12-09 22:58:03,9.10000038146973,73.3697766666667,72.73268250000001
2017-12-09 22:58:52,9.5,73.37102833333336,72.731865
2017-12-09 22:59:02,9.60000038146973,73.37229083333335,72.73108833333336
2017-12-09 22:59:24,9.5,73.3729616666667,72.7307525
2017-12-09 22:59:53,9.60000038146973,73.37406333333334,72.73014833333335
2017-12-09 23:00:04,9.5,73.37494666666665,72.729615
2017-12-09 23:00:13,9.39999961853027,73.3753958333333,72.7293358333333
2017-12-09 23:00:23,9.39999961853027,73.37580166666663,72.72913416666665
2017-12-09 23:01:13,9.19999980926514,73.37708249999999,72.72875333333334
2017-12-09 23:01:22,9.10000038146973,73.37835916666666,72.72837666666669
2017-12-09 23:01:33,9.10000038146973,73.3787558333333,72.7282116666667
2017-12-09 23:02:04,8.80000019073486,73.379595,72.72791000000001
2017-12-09 23:26:06,9.0,73.4135716666667,72.70762250000001
2017-12-09 23:26:25,9.0,73.44732083333335,72.6872075
2017-12-09 23:26:55,9.10000038146973,73.44833333333335,72.68633833333331
2017-12-10 00:02:02,9.0,73.4907341666667,72.6534058333333
2017-12-10 00:02:13,9.10000038146973,73.53275,72.62086166666664
2017-12-10 00:02:34,9.10000038146973,73.5334,72.62043249999999
2017-12-10 00:02:53,9.0,73.534215,72.61990083333335
2017-12-10 00:03:12,8.80000019073486,73.5350108333333,72.6194
2017-12-10 00:03:35,8.0,73.53581166666666,72.6188325
2017-12-10 00:03:54,7.800000190734861,73.53654,72.61827249999999
2017-12-10 00:04:34,8.0,73.53760083333336,72.61748166666665
2017-12-10 00:04:53,7.800000190734861,73.53866083333335,72.61670000000001
2017-12-10 00:05:12,7.900000095367429,73.53934749999999,72.6161975
2017-12-10 00:05:34,8.10000038146973,73.54008083333335,72.61567583333334
2017-12-10 00:06:13,8.5,73.54119833333334,72.61493083333335
2017-12-10 00:06:35,8.699999809265138,73.54234583333334,72.61417416666663
2017-12-10 00:06:54,8.80000019073486,73.543135,72.61365083333331
2017-12-10 00:31:05,11.3000001907349,73.5754833333333,72.5898525
2017-12-10 00:31:44,11.5,73.6084633333333,72.5654591666667
2017-12-10 00:32:04,11.6000003814697,73.6100133333333,72.5642116666667
2017-12-10 00:32:24,11.6000003814697,73.61107,72.56341333333336
2017-12-10 00:32:43,11.6000003814697,73.61207999999999,72.56263416666667
2017-12-10 00:33:05,11.5,73.6131225,72.56186
2017-12-10 00:33:13,11.3999996185303,73.61390333333335,72.5613
2017-12-10 00:33:25,11.3000001907349,73.61441500000001,72.56092416666665
2017-12-10 00:33:32,11.1999998092651,73.61489666666665,72.56056083333334
2017-12-10 00:33:44,11.1999998092651,73.61537333333331,72.56019083333334
2017-12-10 00:33:52,11.1000003814697,73.61587416666666,72.55979916666665
2017-12-10 00:34:04,11.1000003814697,73.61639916666665,72.5593958333333
2017-12-10 00:34:14,11.0,73.6169225,72.55899583333331
2017-12-10 00:34:25,11.0,73.6174191666667,72.5586008333333
2017-12-10 00:34:53,11.0,73.61837750000001,72.55776
2017-12-10 00:35:04,11.1000003814697,73.61935666666665,72.5568866666667
2017-12-10 00:35:35,11.1999998092651,73.62039416666664,72.55604833333335
2017-12-10 00:36:14,9.5,73.62206916666665,72.55472083333335
2017-12-10 00:36:44,9.0,73.62358916666665,72.55347499999999
2017-12-10 00:36:53,8.89999961853027,73.6243583333333,72.55284
2017-12-10 00:37:35,9.10000038146973,73.6253925,72.55224833333335
2017-12-10 01:37:11,9.0,73.67878999999999,72.5142075
2017-12-10 01:38:01,9.10000038146973,73.73234416666665,72.47587
2017-12-10 01:38:04,9.10000038146973,73.733355,72.475115
2017-12-10 01:38:12,9.19999980926514,73.73356000000001,72.47495
2017-12-10 01:38:24,9.10000038146973,73.73397583333335,72.474605
2017-12-10 01:38:42,9.19999980926514,73.73457083333335,72.47406083333334
2017-12-10 01:39:03,9.39999961853027,73.73537333333334,72.47329916666669
2017-12-10 01:39:23,9.5,73.736215,72.47254583333336
2017-12-10 01:40:04,9.69999980926514,73.7374975,72.4713725
2017-12-10 01:40:24,9.60000038146973,73.7387875,72.47019166666665
2017-12-10 01:41:03,9.80000019073486,73.74011999999999,72.4692708333333
2017-12-10 01:41:23,9.89999961853027,73.74145833333336,72.4684708333333
2017-12-10 01:42:34,9.10000038146973,73.74337333333335,72.4672683333333
2017-12-10 01:43:33,7.900000095367429,73.74601833333335,72.46564916666665
2017-12-10 01:44:04,7.599999904632571,73.74768916666665,72.46485166666665
2017-12-10 01:44:12,7.599999904632571,73.7483633333333,72.4646625
2017-12-10 01:44:23,7.5,73.74870999999999,72.4645391666667
2017-12-10 01:54:24,5.3000001907348615,73.75677083333335,72.45980583333335
2017-12-10 01:55:23,6.400000095367429,73.76546,72.45446083333334
2017-12-10 02:09:32,8.199999809265138,73.77920666666665,72.45571583333336
2017-12-10 02:09:45,8.300000190734862,73.792355,72.4577425
2017-12-10 02:09:54,8.39999961853027,73.7927525,72.45789916666665
2017-12-10 02:10:02,8.39999961853027,73.79311666666665,72.45802666666665
2017-12-10 02:10:13,8.5,73.7934775,72.45815666666664
2017-12-10 02:10:33,8.60000038146973,73.79405833333335,72.45839833333329
2017-12-10 02:10:44,8.699999809265138,73.79467083333336,72.4586425
2017-12-10 02:11:54,8.89999961853027,73.79630083333336,72.45829083333335
2017-12-10 02:13:33,9.30000019073486,73.79961,72.45501249999998
2017-12-10 03:14:01,7.800000190734861,73.8752483333333,72.4038875
2017-12-10 03:14:04,7.800000190734861,73.9489883333333,72.355615
2017-12-10 03:14:22,7.599999904632571,73.9493,72.35503750000001
2017-12-10 03:14:42,7.5,73.94991916666669,72.35389333333336
2017-12-10 03:15:02,7.5,73.95053083333335,72.3527575
2017-12-10 03:15:21,7.5,73.95114166666664,72.35161583333331
2017-12-10 03:15:43,7.599999904632571,73.9517583333333,72.3504658333333
2017-12-10 03:16:03,7.5,73.9523783333333,72.34932
2017-12-10 03:17:04,7.099999904632571,73.95357166666666,72.34714583333334
2017-12-10 03:18:03,7.5,73.95537750000001,72.34403416666666
2017-12-10 03:19:03,7.800000190734861,73.95727583333334,72.3410833333333
2017-12-10 03:19:12,7.900000095367429,73.9584166666667,72.33939416666665
2017-12-10 03:20:42,8.300000190734862,73.96012250000001,72.33689416666665
2017-12-10 03:21:15,8.39999961853027,73.96222916666665,72.3337683333333
2017-12-10 03:21:35,8.39999961853027,73.96314749999999,72.33231
2017-12-10 03:21:43,8.5,73.96364,72.3314891666667
2017-12-10 03:21:54,8.5,73.96399083333336,72.33090583333336
2017-12-10 03:30:16,8.5,73.97311583333337,72.315095
2017-12-10 03:30:54,8.60000038146973,73.98271916666667,72.29844583333335
2017-12-10 03:31:24,8.699999809265138,73.9839283333333,72.29616833333336
2017-12-10 03:46:52,8.300000190734862,74.00316916666665,72.28380333333334
2017-12-10 03:47:05,8.39999961853027,74.02209083333335,72.2723566666667
2017-12-10 03:48:34,7.900000095367429,74.02398,72.27086249999999
2017-12-10 04:48:44,4.5,74.0943975,72.19423416666666
2017-12-10 04:49:04,4.099999904632569,74.1633041666667,72.11863416666665
2017-12-10 04:50:44,4.90000009536743,74.16435666666669,72.11667
2017-12-10 04:50:53,5.09999990463257,74.1653416666667,72.11478416666671
2017-12-10 04:51:12,5.1999998092651385,74.1656541666667,72.11415416666671
2017-12-10 04:51:22,5.1999998092651385,74.16595000000001,72.11354750000001
2017-12-10 04:51:42,5.400000095367429,74.1662708333333,72.11288
2017-12-10 04:51:43,5.400000095367429,74.16649833333331,72.1124066666667
2017-12-10 04:51:53,5.5,74.1666225,72.112135
2017-12-10 04:52:05,5.699999809265139,74.16685833333334,72.11161666666665
2017-12-10 04:52:41,6.300000190734861,74.16741916666663,72.11039666666665
2017-12-10 04:53:04,6.599999904632571,74.1681475,72.1088225
2017-12-10 04:53:12,6.800000190734861,74.1685566666667,72.1079341666667
2017-12-10 04:53:31,7.0,74.1689516666667,72.107085
2017-12-10 04:53:42,7.099999904632571,74.1693516666667,72.106245
2017-12-10 04:53:53,7.199999809265139,74.1696575,72.105585
2017-12-10 04:54:05,7.300000190734861,74.16996416666666,72.1048883333333
2017-12-10 04:54:13,7.400000095367429,74.17023166666665,72.10427250000001
2017-12-10 04:54:21,7.400000095367429,74.170515,72.1036666666667
2017-12-10 04:54:52,7.400000095367429,74.1711291666667,72.10243166666669
2017-12-10 04:55:03,7.400000095367429,74.1717316666667,72.1011991666667
2017-12-10 04:55:12,7.400000095367429,74.1719941666667,72.10061083333335
2017-12-10 04:55:31,7.300000190734861,74.1723925,72.09968333333335
2017-12-10 04:55:42,7.400000095367429,74.17279916666666,72.09875249999999
2017-12-10 04:56:01,7.400000095367429,74.1732375,72.09779
2017-12-10 04:57:03,7.699999809265139,74.17444416666663,72.09512749999999
2017-12-10 04:57:23,7.900000095367429,74.17563416666665,72.0924275
2017-12-10 04:57:34,7.900000095367429,74.17608666666666,72.09137833333335
2017-12-10 04:57:54,7.800000190734861,74.1765833333333,72.09032916666666
2017-12-10 04:58:13,7.699999809265139,74.1771975,72.0889375
2017-12-10 04:58:34,7.800000190734861,74.1777716666667,72.0875375
2017-12-10 04:58:43,7.800000190734861,74.1782025,72.08649750000001
2017-12-10 05:00:43,8.39999961853027,74.18030416666664,72.0816216666667
2017-12-10 05:01:03,8.39999961853027,74.18259333333333,72.07639583333335
2017-12-10 05:01:13,8.39999961853027,74.18306583333336,72.07543083333334
2017-12-10 05:01:24,8.39999961853027,74.18339833333334,72.0747591666667
2017-12-10 05:01:33,8.5,74.1837725,72.0739691666667
2017-12-10 05:02:04,9.0,74.18447666666665,72.0724516666667
2017-12-10 05:02:12,9.10000038146973,74.18515,72.07100083333336
2017-12-10 05:06:44,10.3999996185303,74.1907125,72.05927083333336
2017-12-10 05:07:24,10.5,74.1969375,72.04610333333335
2017-12-10 05:07:43,10.5,74.19817083333335,72.04339999999999
2017-12-10 05:25:04,11.0,74.2222041666667,72.00555333333335
2017-12-10 06:27:53,10.5,74.30847,71.8302491666667
2017-12-10 06:28:54,5.5,74.37207749999999,71.6909891666667
2017-12-10 06:29:24,4.40000009536743,74.37340416666669,71.6899941666667
2017-12-10 06:29:41,4.0,74.37396666666669,71.68983499999999
2017-12-10 06:30:12,3.70000004768372,74.3743916666667,71.68972416666665
2017-12-10 06:30:22,3.70000004768372,74.374695,71.68963500000001
2017-12-10 06:30:23,3.70000004768372,74.3747733333333,71.68961
2017-12-10 06:30:42,3.79999995231628,74.37494166666664,71.68955249999999
2017-12-10 06:30:53,3.70000004768372,74.37520416666663,71.68946583333334
2017-12-10 06:31:02,3.5999999046325697,74.375365,71.68941583333333
2017-12-10 06:31:33,3.29999995231628,74.37567583333335,71.68931333333333
2017-12-10 06:31:41,3.20000004768372,74.375985,71.68920833333334
2017-12-10 06:32:01,3.20000004768372,74.37618833333335,71.68915083333334
2017-12-10 06:32:11,3.0999999046325697,74.3763941666667,71.689075
2017-12-10 06:32:32,2.70000004768372,74.3766066666667,71.68897666666665
2017-12-10 06:32:53,2.5,74.3768675,71.6888825
2017-12-10 06:33:02,2.4000000953674303,74.3770375,71.68882333333335
2017-12-10 06:33:12,2.2999999523162797,74.3771366666667,71.68878083333334
2017-12-10 06:33:22,2.09999990463257,74.3772341666667,71.68873416666665
2017-12-10 06:33:32,1.89999997615814,74.37733083333335,71.6886833333333
2017-12-10 06:34:14,1.5,74.3775225,71.688575
2017-12-10 06:34:34,1.39999997615814,74.37773833333335,71.68844999999999
2017-12-10 06:34:42,1.29999995231628,74.37783333333334,71.6883908333333
2017-12-10 06:34:54,1.29999995231628,74.37788499999999,71.6883508333333
2017-12-10 06:35:33,0.8999999761581421,74.37799500000001,71.68822916666664
2017-12-10 06:37:13,0.6000000238418579,74.37823416666666,71.68795916666664
2017-12-10 06:37:43,0.6000000238418579,74.37842916666665,71.68773999999999
2017-12-10 06:38:03,0.6000000238418579,74.37850166666665,71.6876575
2017-12-10 06:38:14,0.6000000238418579,74.37854666666665,71.6876083333333
2017-12-10 06:38:25,0.6000000238418579,74.37857583333334,71.68757416666665
2017-12-10 06:38:33,0.6000000238418579,74.37860583333335,71.68753333333335
2017-12-10 06:38:55,0.6000000238418579,74.3786475,71.68746833333336
2017-12-10 06:39:04,0.6000000238418579,74.3786875,71.6874025
2017-12-10 06:39:24,0.6000000238418579,74.37872583333335,71.68733666666665
2017-12-10 06:39:34,0.6000000238418579,74.37876583333335,71.68727333333331
2017-12-10 06:39:43,0.6000000238418579,74.37879166666664,71.68723833333331
2017-12-10 06:40:03,0.6000000238418579,74.37883,71.68719166666665
2017-12-10 06:40:25,0.6000000238418579,74.37888,71.68712749999999
2017-12-10 07:00:13,2.09999990463257,74.373155,71.68352250000001
2017-12-10 07:39:53,0.5,74.37980583333335,71.68992916666664
2017-12-10 07:40:52,0.5,74.39226916666665,71.69989666666665
2017-12-10 08:05:23,5.400000095367429,74.3998983333333,71.71137000000002
2017-12-10 08:05:32,5.599999904632571,74.407595,71.72303916666667
2017-12-10 08:05:51,6.0,74.407955,71.72351916666665
2017-12-10 08:06:13,6.400000095367429,74.40845083333329,71.72417083333335
2017-12-10 08:06:52,7.400000095367429,74.4093233333333,71.7251691666667
2017-12-10 08:07:12,7.699999809265139,74.4102933333333,71.7259425
2017-12-10 08:07:51,7.900000095367429,74.41134833333331,71.7262175
2017-12-10 08:11:15,7.0,74.41482916666665,71.7207
2017-12-10 08:12:14,7.0,74.41836999999998,71.7128358333333
2017-12-10 08:13:23,6.900000095367429,74.42015166666664,71.70919
2017-12-10 08:13:43,6.699999809265139,74.4214983333333,71.7076141666667
2017-12-10 08:13:53,6.599999904632571,74.42196416666665,71.7074575
2017-12-10 08:14:32,6.199999809265139,74.42268333333335,71.7074483333333
2017-12-10 08:14:43,6.099999904632571,74.4234066666667,71.70748750000001
2017-12-10 08:15:03,6.099999904632571,74.42383583333336,71.7075625
2017-12-10 09:40:43,6.099999904632571,74.4743725,71.5455058333333
2017-12-10 09:41:31,6.199999809265139,74.524895,71.3809825
2017-12-10 09:41:42,6.400000095367429,74.52520666666665,71.37802500000001
2017-12-10 09:42:01,6.599999904632571,74.52535,71.3765258333333
2017-12-10 09:42:22,6.5,74.52556083333336,71.3744508333333
2017-12-10 09:42:32,6.300000190734861,74.52573083333337,71.37285916666664
2017-12-10 09:42:43,6.199999809265139,74.52584333333337,71.37181583333334
2017-12-10 09:43:31,5.400000095367429,74.52615166666666,71.36901416666669
2017-12-10 09:45:11,6.099999904632571,74.52692416666665,71.36228583333336
2017-12-10 09:47:14,7.0,74.52813416666666,71.35172416666666
2017-12-10 09:47:53,7.699999809265139,74.52908916666665,71.34322666666665
2017-12-10 09:48:03,7.900000095367429,74.52942333333334,71.3402175
2017-12-10 09:48:13,8.0,74.5295566666667,71.33897999999999
2017-12-10 09:48:23,8.199999809265138,74.52970916666669,71.33760833333335
2017-12-10 09:48:32,8.300000190734862,74.52986,71.33631
2017-12-10 09:49:03,8.80000019073486,74.53018,71.33373166666665
2017-12-10 09:55:04,11.3999996185303,74.5338891666667,71.30184
2017-12-10 09:55:24,11.3999996185303,74.53754833333335,71.27012666666664
2017-12-10 09:58:05,11.3999996185303,74.53979833333335,71.25472333333329
2017-12-10 10:16:45,11.5,74.55213083333335,71.14108666666664
2017-12-10 10:16:55,11.5,74.56247083333335,71.04005333333335
2017-12-10 10:17:03,11.5,74.56257833333335,71.03829333333334
2017-12-10 10:17:12,11.6000003814697,74.562685,71.03654833333334
2017-12-10 10:55:03,6.199999809265139,74.56620166666664,70.8690766666667
2017-12-10 10:56:04,6.5,74.56962,70.69930583333334
2017-12-10 10:56:05,6.5,74.5695766666667,70.696035
2017-12-10 10:57:14,6.699999809265139,74.56951333333336,70.69210666666665
2017-12-10 11:17:02,7.199999809265139,74.56852333333336,70.6202983333333
2017-12-10 11:17:33,7.5,74.56756,70.55039666666664
2017-12-10 11:17:53,7.599999904632571,74.5675058333333,70.54702083333335
2017-12-10 11:18:12,7.900000095367429,74.56748666666664,70.5443416666667
2017-12-10 11:18:23,8.0,74.56747499999999,70.5423275
2017-12-10 11:18:42,8.199999809265138,74.56743833333334,70.5402183333333
2017-12-10 11:19:13,8.5,74.56739166666671,70.536625
2017-12-10 11:19:22,8.699999809265138,74.5673625,70.533715
2017-12-10 11:23:24,9.10000038146973,74.567095,70.513485
2017-12-10 11:24:23,8.60000038146973,74.56679,70.48935083333333
2017-12-10 11:26:14,8.60000038146973,74.5665683333333,70.47664916666665
2017-12-10 11:26:42,8.60000038146973,74.5663708333333,70.4663133333333
2017-12-10 11:26:44,8.60000038146973,74.5663483333333,70.4640383333333
2017-12-10 11:27:43,7.900000095367429,74.5662583333333,70.46013916666666
2017-12-10 11:31:43,9.39999961853027,74.565885,70.43830583333336
2017-12-10 11:53:14,8.89999961853027,74.5654466666667,70.32061083333335
2017-12-10 11:53:34,8.89999961853027,74.56527,70.21924166666665
2017-12-10 11:53:52,8.89999961853027,74.56522916666665,70.21617166666664
2017-12-10 11:54:04,8.80000019073486,74.56519916666664,70.21393916666665
2017-12-10 11:54:13,8.80000019073486,74.5651775,70.2124125
2017-12-10 12:36:07,10.5,74.55641583333336,70.03084083333334
2017-12-10 12:37:23,10.3999996185303,74.54653000000002,69.84545333333335
2017-12-10 12:38:03,10.3999996185303,74.54480833333335,69.8380041666667
2017-12-10 12:38:06,10.3999996185303,74.54408000000001,69.8343091666667
2017-12-10 12:53:32,10.6000003814697,74.53630916666665,69.758695
2017-12-10 12:54:03,10.8999996185303,74.52844083333336,69.68141750000001
2017-12-10 12:54:52,10.3000001907349,74.527715,69.6746866666667
2017-12-10 12:55:12,9.80000019073486,74.5270075,69.66886
2017-12-10 12:55:23,9.80000019073486,74.52668249999999,69.6664633333333
2017-12-10 12:55:32,9.80000019073486,74.52649166666666,69.664965
2017-12-10 12:55:51,9.60000038146973,74.52621666666667,69.66278083333336
2017-12-10 13:00:24,8.300000190734862,74.523785,69.64255750000001
2017-12-10 13:00:44,8.39999961853027,74.52137833333335,69.62246833333336
2017-12-10 13:00:55,8.5,74.52114499999999,69.6204425
2017-12-10 13:01:23,8.699999809265138,74.52082083333335,69.617665
2017-12-10 13:02:35,8.39999961853027,74.52001333333334,69.6106691666667
2017-12-10 13:02:44,8.300000190734862,74.51939833333336,69.60514583333335
2017-12-10 13:02:55,8.199999809265138,74.51928083333335,69.60383166666665
2017-12-10 13:03:03,8.199999809265138,74.51917999999999,69.6025758333333
2017-12-10 13:03:04,8.199999809265138,74.51913499999998,69.60198333333331
2017-12-10 13:03:23,8.39999961853027,74.51901666666663,69.60054833333331
2017-12-10 13:03:25,8.39999961853027,74.5188983333333,69.5991133333333
2017-12-10 13:03:45,8.39999961853027,74.51875666666665,69.5976933333333
2017-12-10 13:04:04,8.39999961853027,74.51850666666664,69.59503666666666
2017-12-10 13:27:44,10.5,74.50450166666664,69.49269416666665
2017-12-10 13:28:03,10.6000003814697,74.490425,69.3899175
2017-12-10 13:29:52,11.3999996185303,74.48925166666666,69.37862083333334
2017-12-10 13:30:14,11.5,74.48806250000001,69.36705749999999
2017-12-10 13:30:25,11.6000003814697,74.48776083333335,69.36408333333335
2017-12-10 13:30:34,11.6000003814697,74.48756833333334,69.36220083333336
2017-12-10 13:30:44,11.6999998092651,74.4873766666667,69.36031249999999
2017-12-10 13:30:53,11.6999998092651,74.4871966666667,69.3585075
2017-12-10 13:31:04,11.6000003814697,74.48701833333334,69.35670083333335
2017-12-10 13:31:13,11.3000001907349,74.48682916666665,69.35472333333335
2017-12-10 13:31:34,10.0,74.4865958333333,69.35204999999999
2017-12-10 14:17:14,7.400000095367429,74.47060583333331,69.172345
2017-12-10 14:18:13,7.800000190734861,74.45474,68.99041083333336
2017-12-10 14:29:22,9.5,74.4593541666667,68.94464583333334
2017-12-10 14:29:31,9.60000038146973,74.4640766666667,68.90209
2017-12-10 14:29:42,9.69999980926514,74.46425083333335,68.900565
2017-12-10 14:29:53,9.89999961853027,74.46444416666665,68.8989575
2017-12-10 14:30:21,10.1000003814697,74.46479416666665,68.89577666666665
2017-12-10 14:35:05,12.1999998092651,74.46757166666666,68.86779333333331
2017-12-10 14:36:24,12.3000001907349,74.47090666666665,68.83425666666665
2017-12-10 14:36:32,12.3000001907349,74.47179166666666,68.82557666666665
2017-12-10 14:36:43,12.3999996185303,74.4720025,68.82361416666666
2017-12-10 14:37:02,12.3999996185303,74.47234083333335,68.82055833333335
2017-12-10 14:37:13,12.3999996185303,74.47265666666665,68.8176825
2017-12-10 14:37:24,12.3999996185303,74.4728675,68.81558416666665
2017-12-10 14:37:25,12.3999996185303,74.4729716666667,68.81448
2017-12-10 14:37:33,12.3999996185303,74.4730466666667,68.81367750000001
2017-12-10 14:37:44,12.3999996185303,74.473235,68.81166916666666
2017-12-10 14:38:03,12.3999996185303,74.4735358333333,68.80854583333331
2017-12-10 14:38:23,12.3999996185303,74.4739275,68.8045225
2017-12-10 14:38:32,12.3000001907349,74.4742,68.8015925
2017-12-10 14:38:54,12.0,74.474415,68.7986783333333
2017-12-10 14:39:25,12.1000003814697,74.47473833333335,68.79348333333331
2017-12-10 14:39:32,12.0,74.4749625,68.78958
2017-12-10 14:39:44,12.0,74.47506666666665,68.7875141666667
2017-12-10 14:40:03,12.0,74.4752225,68.7843275
2017-12-10 14:41:24,11.8999996185303,74.4757491666667,68.77417916666666
2017-12-10 14:47:23,11.6000003814697,74.47706583333337,68.73005916666665
2017-12-10 14:50:24,11.6999998092651,74.47809416666666,68.6760408333333
2017-12-10 15:05:15,11.0,74.4671058333333,68.58740916666665
2017-12-10 15:05:34,11.0,74.45565583333331,68.51537666666665
2017-12-10 15:05:54,11.1000003814697,74.45503416666665,68.5124458333333
2017-12-10 15:06:13,11.1999998092651,74.45440500000001,68.5095958333333
2017-12-10 15:06:33,11.3000001907349,74.45371916666664,68.50660166666665
2017-12-10 15:06:43,11.3999996185303,74.45322666666665,68.50445833333335
2017-12-10 15:06:54,11.5,74.45290166666666,68.50303166666669
2017-12-10 15:07:04,11.5,74.45252583333331,68.50136083333334
2017-12-10 15:07:14,11.6000003814697,74.452185,68.49982416666666
2017-12-10 15:07:22,11.6999998092651,74.45187833333335,68.49842916666665
2017-12-10 15:07:34,11.6999998092651,74.45152166666665,68.49679083333335
2017-12-10 15:07:42,11.8000001907349,74.4511808333333,68.4952216666667
2017-12-10 15:07:53,11.8999996185303,74.4508533333333,68.49372333333335
2017-12-10 15:08:05,11.8999996185303,74.45047249999999,68.49197583333336
2017-12-10 15:08:13,12.0,74.4501266666667,68.4903691666667
2017-12-10 15:08:23,12.0,74.4498191666667,68.488895
2017-12-10 15:08:35,12.1000003814697,74.4494675,68.48713833333329
2017-12-10 15:08:43,12.1000003814697,74.44913333333331,68.48546583333331
2017-12-10 15:08:54,12.0,74.4487933333333,68.48396666666665
2017-12-10 15:09:04,12.0,74.44837916666664,68.48230833333335
2017-12-10 15:09:22,12.0,74.44783166666664,68.48011833333335
2017-12-10 15:09:42,12.0,74.44709666666665,68.47735916666664
2017-12-10 15:10:04,12.1000003814697,74.44625583333335,68.47442166666664
2017-12-10 15:10:13,12.1000003814697,74.44562333333334,68.47226166666665
2017-12-10 15:10:23,12.1999998092651,74.44524583333336,68.47102083333331
2017-12-10 15:51:24,10.0,74.40233,68.2909333333333
2017-12-10 15:52:34,10.3000001907349,74.35875166666665,68.10634583333331
2017-12-10 15:53:12,10.5,74.35742916666665,68.09821916666665
2017-12-10 15:53:24,10.5,74.35682166666665,68.09426833333335
2017-12-10 16:10:03,11.8000001907349,74.34066666666665,68.0220841666667
2017-12-10 16:12:04,11.8999996185303,74.32304666666664,67.94023583333335
2017-12-10 16:12:23,11.8999996185303,74.32118333333335,67.9279625
2017-12-10 16:12:42,11.8999996185303,74.320675,67.92460583333335
2017-12-10 16:13:04,12.0,74.32012499999999,67.92096583333336
2017-12-10 16:13:24,12.0,74.31956083333336,67.91733833333336
2017-12-10 16:13:43,12.0,74.31904333333335,67.91395583333335
2017-12-10 16:14:05,12.0,74.31849,67.91028916666664
2017-12-10 16:14:24,11.8999996185303,74.31793916666665,67.9066183333333
2017-12-10 16:14:42,11.6999998092651,74.31742749999998,67.9032725
2017-12-10 16:15:04,11.6000003814697,74.31688666666665,67.8997075
2017-12-10 16:15:23,11.5,74.31635916666664,67.8961433333333
2017-12-10 16:16:05,11.1999998092651,74.31560166666665,67.89105916666665
2017-12-10 16:16:24,11.1999998092651,74.31485083333331,67.88604333333335
2017-12-10 16:17:03,11.0,74.31413416666666,67.8812425
2017-12-10 16:17:23,11.1000003814697,74.31339166666666,67.8762925
2017-12-10 16:18:02,11.3000001907349,74.3125975,67.87142666666671
2017-12-10 16:18:24,11.1999998092651,74.31181000000001,67.86650333333336
2017-12-10 16:19:03,10.8999996185303,74.31129416666666,67.86116416666664
2017-12-10 16:19:25,10.8999996185303,74.31099166666665,67.85559083333331
2017-12-10 16:28:43,10.8000001907349,74.3073683333333,67.8045183333333
2017-12-10 16:41:34,11.8000001907349,74.29232999999999,67.70145666666664
2017-12-10 16:41:42,11.8000001907349,74.28074833333335,67.64679333333335
2017-12-10 16:42:03,12.0,74.28031416666664,67.644465
2017-12-10 16:42:24,12.1000003814697,74.2796533333333,67.6409425
2017-12-10 16:42:35,12.1000003814697,74.27914416666664,67.63824500000001
2017-12-10 16:42:43,12.0,74.27886083333334,67.63671666666664
2017-12-10 16:43:02,12.1000003814697,74.27842749999999,67.63437083333335
2017-12-10 16:43:14,12.1000003814697,74.27793416666665,67.63167916666669
2017-12-10 16:43:25,12.1000003814697,74.27759333333336,67.6297725
2017-12-10 16:43:44,12.1000003814697,74.27712083333336,67.62714666666665
2017-12-10 16:43:55,12.1000003814697,74.27664583333336,67.62455666666665
2017-12-10 16:44:15,12.0,74.2761841666667,67.62199916666665
2017-12-10 16:44:45,11.6999998092651,74.27541583333334,67.61783750000001
2017-12-10 16:44:54,11.6999998092651,74.27480166666666,67.61456416666665
2017-12-10 16:45:02,11.6000003814697,74.27454,67.6130733333333
2017-12-10 16:45:14,11.5,74.2742591666667,67.61141166666665
2017-12-10 16:45:55,10.8999996185303,74.2734575,67.60747
2017-12-10 16:46:03,10.8999996185303,74.2726858333333,67.60397833333334
2017-12-10 16:46:15,10.8000001907349,74.27233749999999,67.602645
2017-12-10 16:46:45,10.8999996185303,74.27157166666669,67.59995666666666
2017-12-10 16:47:02,10.8999996185303,74.27067083333336,67.59697
2017-12-10 16:47:15,10.8999996185303,74.270095,67.595175
2017-12-10 16:47:43,10.8000001907349,74.269295,67.59280083333334
2017-12-10 16:48:03,10.5,74.2683625,67.59004083333335
2017-12-10 16:48:23,10.3999996185303,74.2675925,67.58770583333335
2017-12-10 16:48:44,10.5,74.26683666666665,67.58537666666669
2017-12-10 16:49:24,10.8000001907349,74.265735,67.5818525
2017-12-10 17:27:13,10.1999998092651,74.2329475,67.408645
2017-12-10 17:28:52,10.1999998092651,74.1999183333333,67.2299391666667
2017-12-10 17:31:23,10.1000003814697,74.1974558333333,67.21011666666669
2017-12-10 17:48:35,10.3000001907349,74.18566333333331,67.11586083333336
2017-12-10 17:48:53,10.3000001907349,74.1751408333333,67.03199916666665
2017-12-10 17:49:14,10.3000001907349,74.17474416666664,67.02883666666665
2017-12-10 17:49:45,10.0,74.17424916666664,67.02485083333335
2017-12-10 17:49:53,9.69999980926514,74.17387916666665,67.02188583333336
2017-12-10 17:50:04,9.10000038146973,74.17371333333335,67.02047666666665
2017-12-10 17:50:13,8.60000038146973,74.17354333333336,67.0190583333333
2017-12-10 17:50:44,8.0,74.17323416666666,67.016505
2017-12-10 17:50:54,8.0,74.17294333333331,67.0140725
2017-12-10 17:51:03,8.0,74.17278916666663,67.01280249999999
2017-12-10 17:51:14,7.900000095367429,74.1726125,67.01143083333335
2017-12-10 17:51:22,7.800000190734861,74.17246750000001,67.01031333333336
2017-12-10 17:51:34,7.599999904632571,74.1723125,67.00913333333335
2017-12-10 17:51:45,7.400000095367429,74.17214499999999,67.00787083333334
2017-12-10 17:52:04,7.099999904632571,74.17192999999999,67.00625
2017-12-10 17:52:13,7.0,74.17171083333335,67.00460749999999
2017-12-10 17:52:24,6.900000095367429,74.171565,67.00355250000001
2017-12-10 17:52:44,6.599999904632571,74.17134666666665,67.00202333333331
2017-12-10 17:52:55,6.5,74.17113,67.0004625
2017-12-10 17:53:03,6.400000095367429,74.17100499999998,66.99947833333334
2017-12-10 18:18:03,9.30000019073486,74.15742916666665,66.921605
2017-12-10 18:18:14,9.39999961853027,74.14373,66.84365083333336
2017-12-10 18:18:22,9.39999961853027,74.14341333333334,66.8426766666667
2017-12-10 18:18:34,9.39999961853027,74.14307833333335,66.8416541666667
2017-12-10 18:19:04,9.5,74.1423866666667,66.83952083333335
2017-12-10 18:19:15,9.60000038146973,74.14171083333335,66.8374275
2017-12-10 18:19:23,9.60000038146973,74.14138916666664,66.83643833333335
2017-12-10 18:20:45,9.89999961853027,74.1398475,66.8316716666667
2017-12-10 18:21:15,10.1000003814697,74.1379125,66.82570583333336
2017-12-10 18:21:54,10.3999996185303,74.136675,66.82189833333335
2017-12-10 18:22:03,10.3999996185303,74.13578083333334,66.8191325
2017-12-10 18:23:54,10.8999996185303,74.13348083333335,66.81222333333329
2017-12-10 18:24:14,10.8999996185303,74.1309591666667,66.80467416666664
2017-12-10 18:26:35,10.8999996185303,74.12786750000001,66.79518999999999
2017-12-10 18:27:42,10.6000003814697,74.123875,66.78291416666664
2017-12-10 19:24:43,8.300000190734862,74.06510083333335,66.60601666666665
2017-12-10 19:25:03,8.5,74.00733249999999,66.43221500000001
2017-12-10 19:25:44,8.300000190734862,74.00643083333335,66.42951333333335
2017-12-10 19:26:43,8.60000038146973,74.0049075,66.42498833333335
2017-12-10 19:54:25,10.1999998092651,73.97353749999999,66.33152833333335
2017-12-10 19:54:43,10.1999998092651,73.9427441666667,66.2397491666667
2017-12-10 19:55:15,10.1999998092651,73.9418325,66.2370766666667
2017-12-10 19:55:23,10.1000003814697,73.941125,66.23503083333335
2017-12-10 19:55:34,10.1000003814697,73.94076666666669,66.23394166666665
2017-12-10 19:55:42,10.1000003814697,73.94040833333335,66.23283
2017-12-10 19:55:53,10.1000003814697,73.94006833333336,66.23177666666669
2017-12-10 19:56:04,10.1999998092651,73.93967416666669,66.230565
2017-12-10 19:56:33,10.3999996185303,73.93894,66.22829416666664
2017-12-10 19:57:42,10.3000001907349,73.93713666666665,66.222965
2017-12-10 19:57:53,10.3999996185303,73.93566750000001,66.21871083333335
2017-12-10 19:58:04,10.5,73.9352575,66.2175141666667
2017-12-10 19:58:15,10.6000003814697,73.93485916666666,66.216345
2017-12-10 21:00:44,3.20000004768372,73.87073916666665,66.02782
2017-12-10 21:01:43,2.2999999523162797,73.8065025,65.8389125
2017-12-10 21:02:42,1.89999997615814,73.80596416666666,65.83738916666665
2017-12-10 21:06:13,2.09999990463257,73.8050275,65.83501833333335
2017-12-10 21:30:15,1.70000004768372,73.798495,65.81767500000001
2017-12-10 21:30:23,1.79999995231628,73.79264166666664,65.80204499999999
2017-12-10 21:30:34,1.89999997615814,73.79258333333334,65.8018725
2017-12-10 21:30:43,2.09999990463257,73.79251583333334,65.8016725
2017-12-10 21:30:54,2.2999999523162797,73.79243833333335,65.801455
2017-12-10 21:31:05,2.5,73.7923416666667,65.80121916666664
2017-12-10 21:31:14,2.5999999046325697,73.79223583333335,65.80096833333334
2017-12-10 21:32:15,3.9000000953674303,73.7918375,65.79982666666669
2017-12-10 21:33:14,5.09999990463257,73.79099583333334,65.7974466666667
2017-12-10 22:20:44,11.3999996185303,73.747465,65.6755316666667
2017-12-10 22:21:34,11.3999996185303,73.7033733333333,65.55198833333334
2017-12-10 22:23:14,11.5,73.7002775,65.5431725
2017-12-10 22:36:33,11.6999998092651,73.6816541666667,65.49019666666666
2017-12-10 22:36:54,11.6999998092651,73.66464916666669,65.44184916666666
2017-12-10 22:37:14,11.6999998092651,73.66380666666669,65.43945666666664
2017-12-10 22:37:34,11.6000003814697,73.66297083333335,65.4370675
2017-12-10 22:37:53,11.6000003814697,73.66213833333335,65.4346875
2017-12-10 22:38:13,11.6999998092651,73.6613041666667,65.43229166666666
2017-12-10 22:38:33,11.8000001907349,73.6604691666667,65.42986666666664
2017-12-10 22:38:54,11.8000001907349,73.6596266666667,65.42743916666666
2017-12-10 22:40:02,11.6999998092651,73.65770333333336,65.4219175
2017-12-10 22:41:14,10.6999998092651,73.65478833333336,65.41360083333336
2017-12-10 23:06:45,12.5,73.62117083333334,65.31765250000001
2017-12-10 23:07:04,12.6000003814697,73.58851916666663,65.224355
2017-12-10 23:07:12,12.6000003814697,73.5878658333333,65.22240333333335
2017-12-10 23:07:34,12.6000003814697,73.58721249999999,65.22052166666666
2017-12-10 23:07:44,12.6000003814697,73.58650750000001,65.21851833333331
2017-12-10 23:08:05,12.6000003814697,73.5858058333333,65.21650500000001
2017-12-10 23:08:14,12.6000003814697,73.58513500000001,65.2145616666667
2017-12-10 23:08:33,12.6000003814697,73.5844841666667,65.21268
2017-12-10 23:08:45,12.5,73.58381,65.21074333333331
2017-12-10 23:08:53,12.3999996185303,73.58336416666666,65.2094658333333
2017-12-10 23:09:34,12.1999998092651,73.58228000000001,65.20639
2017-12-10 23:09:45,12.1999998092651,73.58114833333335,65.20323083333335
2017-12-10 23:09:54,12.1999998092651,73.58070083333335,65.20205083333335
2017-12-10 23:10:05,12.1999998092651,73.58025833333335,65.2008225
2017-12-10 23:10:53,12.0,73.578945,65.19703916666666
2017-12-10 23:12:22,11.6999998092651,73.5759483333333,65.18863416666665
2017-12-11 00:00:23,11.1000003814697,73.51673,65.02121416666665
2017-12-11 00:00:26,11.1000003814697,73.4594366666667,64.85911999999999
2017-12-11 00:01:04,11.3000001907349,73.4586225,64.85684083333334
2017-12-11 00:12:12,7.699999809265139,73.4461983333333,64.82208083333335
2017-12-11 00:12:54,7.800000190734861,73.43400916666664,64.78804083333335
2017-12-11 00:13:13,7.599999904632571,73.43314333333335,64.78573
2017-12-11 00:13:33,7.199999809265139,73.43258499999999,64.78425
2017-12-11 00:13:53,6.900000095367429,73.4320483333333,64.78286083333336
2017-12-11 00:14:12,6.800000190734861,73.4315275,64.78156
2017-12-11 00:14:31,6.599999904632571,73.43102583333335,64.78029416666665
2017-12-11 00:14:34,6.599999904632571,73.43078,64.7796683333333
2017-12-11 00:15:13,6.900000095367429,73.43028000000001,64.778385
2017-12-11 00:15:33,6.800000190734861,73.42952583333336,64.77644833333335
2017-12-11 00:15:55,6.400000095367429,73.42901833333335,64.77513416666665
2017-12-11 00:16:22,6.099999904632571,73.42841250000001,64.7735975
2017-12-11 00:17:13,6.5,73.4274575,64.77137083333335
2017-12-11 00:25:33,8.300000190734862,73.41960666666665,64.7519575
2017-12-11 00:25:43,8.5,73.41217166666665,64.73348333333334
2017-12-11 00:42:55,6.300000190734861,73.39809083333336,64.695795
2017-12-11 00:43:15,6.300000190734861,73.3839725,64.65788916666665
2017-12-11 00:43:23,6.199999809265139,73.38364916666666,64.65698083333334
2017-12-11 00:43:43,6.0,73.3833325,64.6561016666667
2017-12-11 00:44:05,6.0,73.38288333333335,64.6548816666667
2017-12-11 00:44:24,6.0,73.3824416666667,64.65370083333335
2017-12-11 00:44:33,5.900000095367429,73.38212083333335,64.65284750000001
2017-12-11 00:44:44,5.800000190734861,73.381885,64.65224
2017-12-11 00:44:55,5.800000190734861,73.38164499999999,64.65164583333336
2017-12-11 00:45:23,5.699999809265139,73.38121666666666,64.6505641666667
2017-12-11 00:45:34,5.699999809265139,73.38080500000001,64.64947666666669
2017-12-11 00:45:45,5.800000190734861,73.3805975,64.6488766666667
2017-12-11 00:45:54,5.800000190734861,73.3803875,64.64827083333336
2017-12-11 00:46:34,5.800000190734861,73.3798791666667,64.64685833333334
2017-12-11 00:46:54,5.699999809265139,73.379255,64.64514583333334
2017-12-11 00:47:03,5.699999809265139,73.378945,64.64430083333335
2017-12-11 00:47:33,5.900000095367429,73.3785316666667,64.64318166666669
2017-12-11 00:48:54,6.5,73.37730833333336,64.63977583333335
2017-12-11 01:37:04,10.1000003814697,73.3272675,64.50021416666665
2017-12-11 01:48:42,11.6000003814697,73.26436249999999,64.32431833333331
2017-12-11 01:49:04,11.6999998092651,73.25018083333333,64.2842783333333
2017-12-11 01:49:43,11.8000001907349,73.24893,64.28075749999999
2017-12-11 01:50:03,11.8000001907349,73.24766916666664,64.2772041666667
2017-12-11 01:50:42,11.8999996185303,73.24637999999999,64.2736
2017-12-11 01:52:52,11.8999996185303,73.24272666666664,64.2633633333333
2017-12-11 01:53:04,11.8999996185303,73.2397233333333,64.25494166666665
2017-12-11 01:58:04,12.0,73.2330308333333,64.2366375
2017-12-11 02:01:13,12.1999998092651,73.222425,64.20723083333334
2017-12-11 02:01:53,12.0,73.217435,64.19299333333335
2017-12-11 02:02:04,12.0,73.21634416666666,64.18980166666665
2017-12-11 02:02:34,11.8999996185303,73.21542666666664,64.18747333333332
2017-12-11 02:19:44,12.1999998092651,73.191855,64.1300325
2017-12-11 02:20:24,12.1999998092651,73.16805,64.0718791666667
2017-12-11 02:21:05,12.1000003814697,73.16622916666665,64.06717666666671
2017-12-11 02:21:14,12.1000003814697,73.1651075,64.0643
2017-12-11 02:21:44,12.1000003814697,73.16423583333335,64.06206916666665
2017-12-11 02:22:04,12.1000003814697,73.1631191666667,64.0591675
2017-12-11 02:23:05,12.1999998092651,73.1613116666667,64.05442916666665
2017-12-11 03:22:34,11.3999996185303,73.080465,63.84930666666665
2017-12-11 03:24:35,11.1999998092651,72.9984175,63.641385
2017-12-11 03:28:03,11.1000003814697,72.9915,63.62421583333335
2017-12-11 03:37:15,10.6000003814697,72.97586749999999,63.585151666666704
2017-12-11 03:37:54,10.6000003814697,72.96383833333334,63.5550375
2017-12-11 03:51:33,11.1000003814697,72.94645583333335,63.5117125
2017-12-11 03:54:04,11.1999998092651,72.92671250000001,63.46254333333336
2017-12-11 03:54:23,11.1999998092651,72.9231883333333,63.453795
2017-12-11 03:54:45,11.1000003814697,72.92236249999999,63.4517225
2017-12-11 03:55:04,11.1000003814697,72.9215091666667,63.449590833333346
2017-12-11 03:55:13,11.1000003814697,72.9209075,63.4480775
2017-12-11 03:57:44,11.0,72.91762750000001,63.439907500000004
2017-12-11 03:58:44,10.8999996185303,72.91328833333334,63.4291366666667
2017-12-11 04:56:54,11.1999998092651,72.83854416666664,63.2462975
2017-12-11 04:57:23,11.0,72.76442666666664,63.0650733333333
2017-12-11 04:57:42,11.0,72.76339999999999,63.062645
2017-12-11 04:58:35,11.0,72.76191166666665,63.0591766666667
2017-12-11 04:58:43,10.8999996185303,72.760645,63.056242499999996
2017-12-11 04:58:54,10.8999996185303,72.7602366666667,63.05526916666665
2017-12-11 04:59:42,10.8999996185303,72.75896750000001,63.05228083333335
2017-12-11 05:00:23,10.8999996185303,72.75710416666666,63.0478575
2017-12-11 05:04:22,11.3000001907349,72.75131666666665,63.0338475
2017-12-11 05:05:04,11.3999996185303,72.74549583333331,63.0197441666667
2017-12-11 05:07:21,11.6000003814697,72.74161666666666,63.0104575
2017-12-11 05:07:32,11.6000003814697,72.73834416666665,63.00264916666665
2017-12-11 05:17:02,11.3999996185303,72.72582416666665,62.97229916666665
2017-12-11 05:31:45,11.3000001907349,72.69475833333334,62.8969075
2017-12-11 06:32:24,11.8999996185303,72.59644583333335,62.65278083333335
2017-12-11 06:34:25,11.8000001907349,72.51431416666665,62.44776166666665
2017-12-11 06:43:31,11.6999998092651,72.49975666666666,62.411950000000004
2017-12-11 06:44:41,11.6999998092651,72.48628166666666,62.3788925
2017-12-11 06:44:51,11.8000001907349,72.48453916666665,62.3745925
2017-12-11 06:45:22,11.8000001907349,72.48366666666665,62.37245333333335
2017-12-11 06:45:52,11.8000001907349,72.48236416666666,62.36922916666665
2017-12-11 06:46:43,11.6999998092651,72.48059916666666,62.36491416666665
2017-12-11 06:53:24,11.5,72.47069250000001,62.341153333333345
2017-12-11 06:53:43,11.5,72.4614741666667,62.319069166666694
2017-12-11 06:54:03,11.5,72.46066166666671,62.31713083333335
2017-12-11 06:54:14,11.5,72.4600416666667,62.31564083333335
2017-12-11 06:54:44,11.6000003814697,72.45915416666669,62.313465833333346
2017-12-11 06:54:53,11.6000003814697,72.4582891666667,62.311338333333346
2017-12-11 06:55:02,11.6000003814697,72.45790833333335,62.3103941666667
2017-12-11 06:55:43,11.5,72.45683166666666,62.307825
2017-12-11 06:56:33,11.5,72.45486666666665,62.3031433333333
2017-12-11 06:56:44,11.5,72.4535725,62.3000475
2017-12-11 06:57:13,11.5,72.45271833333334,62.29799
2017-12-11 07:14:14,12.1999998092651,72.42926166666669,62.24152666666665
2017-12-11 08:20:33,11.5,72.31580583333334,61.9712875
2017-12-11 08:20:42,11.5,72.22499333333334,61.75554333333336
2017-12-11 08:20:53,11.6000003814697,72.2245566666667,61.75449583333335
2017-12-11 08:22:11,11.6999998092651,72.2226125,61.7498375
2017-12-11 08:30:33,11.8999996185303,72.20974666666665,61.71850333333335
2017-12-11 08:30:43,11.8999996185303,72.19837833333335,61.6907725
2017-12-11 08:30:52,11.8999996185303,72.1979341666667,61.6897325
2017-12-11 08:31:03,11.8999996185303,72.1975191666667,61.688713333333354
2017-12-11 08:31:14,11.8999996185303,72.19710583333334,61.68767166666666
2017-12-11 08:31:23,11.8000001907349,72.1966125,61.68648
2017-12-11 08:33:23,11.8000001907349,72.19370500000002,61.67947333333335
2017-12-11 08:33:33,11.8000001907349,72.19086,61.67260083333335
2017-12-11 09:51:14,13.0,72.08437,61.415639999999996
2017-12-11 09:56:13,13.3999996185303,71.97078916666666,61.1418458333333
2017-12-11 09:56:22,13.3999996185303,71.9632783333333,61.12400166666665
2017-12-11 09:56:50,13.5,71.96232666666666,61.12173083333335
2017-12-11 09:57:12,13.5,71.96104333333335,61.1186916666667
2017-12-11 09:57:22,13.6000003814697,71.96025833333334,61.1168541666667
2017-12-11 09:58:41,13.6999998092651,71.95798583333335,61.11151583333335
2017-12-11 10:01:42,13.8999996185303,71.95131,61.09583416666665
2017-12-11 10:06:43,14.0,71.93891166666666,61.06664666666665
2017-12-11 10:06:54,14.0,71.93083,61.04759916666664
2017-12-11 10:07:03,14.0,71.9302525,61.046257499999996
2017-12-11 10:07:24,14.0,71.929495,61.044490833333356
2017-12-11 10:07:34,14.0,71.92871416666665,61.042670833333354
2017-12-11 10:08:54,14.0,71.92635166666665,61.03704083333335
2017-12-11 10:08:55,14.0,71.924275,61.03207
2017-12-11 10:09:52,14.0,71.92273583333335,61.02841666666665
2017-12-11 10:09:53,14.0,71.9211966666667,61.024763333333304
2017-12-11 10:11:21,14.1000003814697,71.9188616666667,61.0192358333333
2017-12-11 10:11:23,14.1000003814697,71.9165266666667,61.0137083333333
2017-12-11 10:14:52,14.1000003814697,71.9110216666667,61.00070166666664
2017-12-11 10:15:27,14.1000003814697,71.9045975,60.98552166666665
2017-12-11 10:15:53,14.0,71.90306000000001,60.98184416666666
2017-12-11 10:25:40,14.1000003814697,71.88690333333335,60.944313333333355
2017-12-11 11:32:31,13.8000001907349,71.76753333333335,60.66218083333335
2017-12-11 11:32:32,13.8000001907349,71.6637016666667,60.416075
2017-12-11 11:32:40,13.8000001907349,71.6634716666667,60.415519166666655
2017-12-11 11:33:00,13.8000001907349,71.6627091666667,60.4136575
2017-12-11 11:33:10,13.8000001907349,71.66191833333335,60.4117466666667
2017-12-11 11:33:21,13.8000001907349,71.6614,60.4105516666667
2017-12-11 11:44:13,13.8000001907349,71.6446075,60.37018083333335
2017-12-11 11:44:33,13.8000001907349,71.62754916666665,60.32912916666665
2017-12-11 11:44:42,13.8000001907349,71.62676916666665,60.32724
2017-12-11 11:44:44,13.8000001907349,71.626515,60.326621666666696
2017-12-11 11:44:52,13.8999996185303,71.62625333333335,60.3260075
2017-12-11 11:44:53,13.8999996185303,71.62599166666669,60.3253933333333
2017-12-11 11:45:31,13.8000001907349,71.6250091666667,60.323064166666654
2017-12-11 11:45:32,13.8000001907349,71.6240266666667,60.320735
2017-12-11 11:50:32,13.8000001907349,71.61638083333335,60.30225166666665
2017-12-11 11:51:14,13.8000001907349,71.60768583333335,60.28126166666665
2017-12-11 12:01:34,13.6999998092651,71.59094083333335,60.24089
2017-12-11 13:09:13,12.1000003814697,71.4760525,59.984094999999996
2017-12-11 13:09:21,12.1000003814697,71.37662916666665,59.76466333333335
2017-12-11 13:10:06,12.1000003814697,71.37545,59.7621366666667
2017-12-11 13:10:11,12.1000003814697,71.37429333333336,59.75966333333335
2017-12-11 13:19:52,12.1000003814697,71.36095499999999,59.729548333333355
2017-12-11 13:20:13,12.1000003814697,71.34735333333336,59.69879166666669
2017-12-11 13:20:51,12.1999998092651,71.3460016666667,59.695679999999996
2017-12-11 13:21:34,12.1999998092651,71.34419583333334,59.6915025
2017-12-11 14:46:25,11.8000001907349,71.22998583333333,59.4322491666667
2017-12-11 14:46:33,11.8000001907349,71.11649583333335,59.17473833333335
2017-12-11 14:46:53,11.8000001907349,71.11583,59.17340916666665
2017-12-11 14:47:14,11.8000001907349,71.11490916666665,59.1715758333333
2017-12-11 16:22:51,10.6000003814697,70.9833533333333,58.9234175
2017-12-11 16:23:52,10.6000003814697,70.8510525,58.6736966666667
2017-12-11 16:24:23,10.6000003814697,70.84917916666669,58.6699141666667
2017-12-11 16:24:51,10.6999998092651,70.8479375,58.66744583333335
2017-12-11 16:25:24,10.6999998092651,70.84671,58.66493833333335
2017-12-11 16:25:52,10.6999998092651,70.84547333333336,58.66244583333335
2017-12-11 16:26:23,10.6000003814697,70.8442375,58.660017499999995
2017-12-11 16:26:51,10.6000003814697,70.84300416666665,58.65762333333335
2017-12-11 16:27:22,10.6999998092651,70.8417833333333,58.6552491666667
2017-12-11 16:47:12,9.10000038146973,70.81934333333331,58.616727499999996
2017-12-11 16:53:22,7.099999904632571,70.7919875,58.569015833333296
2017-12-11 16:53:42,7.199999809265139,70.786145,58.5579883333333
2017-12-11 16:54:02,7.400000095367429,70.78557,58.5568833333333
2017-12-11 16:54:13,7.5,70.78511833333337,58.5560633333333
2017-12-11 16:54:32,7.699999809265139,70.78467416666666,58.55521666666665
2017-12-11 16:54:43,7.699999809265139,70.78425166666665,58.55435916666665
2017-12-11 16:55:14,7.699999809265139,70.78365249999999,58.55310916666665
2017-12-11 16:55:42,7.800000190734861,70.78276499999998,58.55128583333335
2017-12-11 16:56:04,8.10000038146973,70.78201166666665,58.5497491666667
2017-12-11 16:56:21,8.300000190734862,70.7813958333333,58.5485116666667
2017-12-11 16:56:43,8.5,70.780745,58.5472116666667
2017-12-11 16:56:52,8.60000038146973,70.7802375,58.5461866666667
2017-12-11 16:58:34,9.69999980926514,70.7783125,58.54221583333335
2017-12-11 16:58:52,9.80000019073486,70.7761691666667,58.53786666666665
2017-12-11 17:59:51,10.8999996185303,70.7136675,58.514700000000005
2017-12-11 18:01:04,9.89999961853027,70.6497375,58.49154583333335
2017-12-11 18:01:12,9.60000038146973,70.64771083333335,58.490803333333346
2017-12-11 18:02:03,7.800000190734861,70.64649666666665,58.4904616666667
2017-12-11 18:02:13,7.599999904632571,70.6453383333333,58.490166666666696
2017-12-11 18:29:32,10.6999998092651,70.6114533333333,58.46942083333335
2017-12-11 18:29:44,10.6999998092651,70.5774633333333,58.44842166666665
2017-12-11 18:30:01,10.6999998092651,70.57674416666666,58.4476425
2017-12-11 18:30:31,10.8000001907349,70.57562250000001,58.4463841666667
2017-12-11 18:31:32,11.5,70.57347416666664,58.444119166666695
2017-12-11 19:35:54,13.3999996185303,70.4762525,58.277588333333355
2017-12-11 20:05:29,14.5,70.32756,58.04337166666665
2017-12-11 20:05:36,14.5,70.2744408333333,57.973727499999995
2017-12-11 20:06:07,14.3999996185303,70.27354833333331,57.971207500000006
2017-12-11 20:06:13,14.3999996185303,70.2727275,57.96877416666665
2017-12-11 20:06:18,14.3999996185303,70.27248499999999,57.967968333333346
2017-12-11 20:06:25,14.3999996185303,70.27220249999999,57.96700333333335
2017-12-11 20:06:30,14.3999996185303,70.27194750000001,57.96609916666665
2017-12-11 21:11:55,15.1000003814697,70.22884250000001,57.590724166666654
2017-12-11 21:12:31,15.1000003814697,70.18589750000001,57.21204250000001
2017-12-11 21:12:35,15.1999998092651,70.18596166666666,57.207736666666655
2017-12-11 21:41:37,15.6000003814697,70.18861083333334,57.025432499999994
2017-12-11 21:41:49,15.6000003814697,70.1912691666667,56.8424775
2017-12-11 21:42:12,15.6000003814697,70.1913175,56.8386883333333
2017-12-11 22:47:36,15.6000003814697,70.19532916666665,56.41873666666665
2017-12-11 22:48:00,15.6000003814697,70.19932333333335,55.998745833333345
2017-12-11 22:48:36,15.6000003814697,70.19935666666669,55.9923666666667
2017-12-11 22:50:36,15.6000003814697,70.1994391666667,55.975805
2017-12-11 22:55:14,15.6000003814697,70.1997391666667,55.933818333333306
2017-12-11 22:55:38,15.6000003814697,70.1999975,55.9020083333333
2017-12-11 22:57:02,15.6000003814697,70.2000975,55.890563333333304
2017-12-11 23:05:55,15.3999996185303,70.20056166666669,55.825331666666656
2017-12-11 23:06:23,15.3999996185303,70.20097833333335,55.76593833333335
2017-12-11 23:06:25,15.3999996185303,70.20101,55.7628966666667
2017-12-11 23:06:41,15.3999996185303,70.20100833333335,55.76102
2017-12-11 23:06:42,15.3999996185303,70.2010066666667,55.7591433333333
2017-12-11 23:17:42,15.3000001907349,70.2014016666667,55.6905125
2017-12-11 23:18:00,15.3000001907349,70.20181083333335,55.6200125
2017-12-11 23:18:42,15.3000001907349,70.2018575,55.6137475
2017-12-11 23:18:49,15.3000001907349,70.20189083333335,55.60871583333335
2017-12-11 23:19:25,15.3000001907349,70.20187333333335,55.604233333333354
2017-12-11 23:19:29,15.3000001907349,70.20185500000001,55.5998666666667
2017-12-11 23:19:43,15.3000001907349,70.20185916666665,55.598098333333354
2017-12-11 23:19:48,15.3999996185303,70.2018658333333,55.596225000000004
2017-12-11 23:19:53,15.3000001907349,70.2018733333333,55.59497583333335
2017-12-11 23:20:30,15.3000001907349,70.20190416666665,55.5905675
2017-12-11 23:21:29,15.3000001907349,70.20187250000001,55.5805725
2017-12-11 23:23:01,15.3999996185303,70.20172,55.565005833333345
2017-12-12 00:23:54,15.3999996185303,70.1981025,55.178814166666655
2017-12-12 00:23:59,15.3999996185303,70.19457666666665,54.8014533333333
2017-12-12 00:24:36,15.3999996185303,70.19455333333329,54.79715916666665
2017-12-12 00:24:55,15.3999996185303,70.19451916666665,54.791508333333354
2017-12-12 00:25:35,15.3999996185303,70.19444250000001,54.785250000000005
2017-12-12 00:25:54,15.3999996185303,70.19437500000001,54.77899
2017-12-12 00:26:17,15.3999996185303,70.19435333333334,54.7745975
2017-12-12 00:43:00,15.1000003814697,70.19368666666671,54.66833666666665
2017-12-12 00:43:02,15.1000003814697,70.1930366666667,54.564585
2017-12-12 00:53:06,14.8999996185303,70.19246333333335,54.50274833333335
2017-12-12 00:54:00,14.8000001907349,70.19184666666665,54.4355575
2017-12-12 00:54:07,14.8000001907349,70.19179833333331,54.4295983333333
2017-12-12 00:55:12,14.8999996185303,70.191745,54.4223475
2017-12-12 00:55:43,14.8000001907349,70.19167,54.412580000000005
2017-12-12 01:58:48,14.6999998092651,70.19292250000001,54.03083416666665
2017-12-12 02:00:24,14.6999998092651,70.1948175,53.642838333333344
2017-12-12 02:05:35,14.6999998092651,70.19753666666665,53.602877500000005
2017-12-12 02:05:40,14.6999998092651,70.19968083333336,53.571701666666655
2017-12-12 02:06:06,14.6999998092651,70.1998825,53.56863916666665
2017-12-12 02:29:24,14.6000003814697,70.20819,53.429285833333296
2017-12-12 02:29:31,14.6000003814697,70.21636583333334,53.29192
2017-12-12 02:29:54,14.6000003814697,70.216545,53.2889875
2017-12-12 02:30:01,14.6000003814697,70.21672333333335,53.2860533333333
2017-12-12 02:30:17,14.6000003814697,70.21685333333335,53.2837858333333
2017-12-12 02:31:30,14.5,70.21734166666664,53.274956666666654
2017-12-12 02:32:36,14.5,70.2180408333333,53.2614475
2017-12-12 02:33:25,14.5,70.2185733333333,53.250302500000004
2017-12-12 03:32:49,14.6999998092651,70.23687166666664,52.89798583333335
2017-12-12 03:33:17,14.6000003814697,70.25509249999999,52.547515000000004
2017-12-12 03:33:55,14.6000003814697,70.25542666666665,52.540923333333296
2017-12-12 03:35:13,14.6000003814697,70.25606416666665,52.52961416666665
2017-12-12 03:37:12,14.6000003814697,70.25718499999999,52.51021416666666
2017-12-12 04:05:42,14.1999998092651,70.26555916666665,52.332441666666654
2017-12-12 04:06:54,14.1999998092651,70.2736125,52.15951666666665
2017-12-12 04:08:00,14.1999998092651,70.27427333333335,52.1463
2017-12-12 04:08:49,14.1999998092651,70.274805,52.1354791666667
2017-12-12 04:09:13,14.1999998092651,70.27515166666666,52.128585
2017-12-12 05:09:00,15.0,70.29324249999999,51.782668333333305
2017-12-12 05:14:59,15.3999996185303,70.313155,51.4021575
2017-12-12 05:45:38,15.6999998092651,70.32493833333331,51.17246333333335
2017-12-12 05:45:49,15.6999998092651,70.3348325,50.97848499999999
